Date,Coffee Flavor,Sales Quantity,Price,Promotion
2024-01-01,Cappuccino,82,5.38,No
2024-01-01,Espresso,30,5.97,Yes
2024-01-01,Latte,24,5.12,No
2024-01-01,Americano,89,4.36,Yes
2024-01-01,Mocha,94,4.49,Yes
2024-01-02,Cappuccino,26,5.83,Yes
2024-01-02,Espresso,20,3.97,Yes
2024-01-02,Latte,29,5.44,No
2024-01-02,Americano,74,3.64,No
2024-01-02,Mocha,83,4.07,No
2024-01-03,Cappuccino,81,3.71,Yes
2024-01-03,Espresso,20,5.01,No
2024-01-03,Latte,88,4.05,Yes
2024-01-03,Americano,29,3.87,Yes
2024-01-03,Mocha,94,4.4,No
2024-01-04,Cappuccino,70,4.87,Yes
2024-01-04,Espresso,40,4.76,Yes
2024-01-04,Latte,37,4.49,Yes
2024-01-04,Americano,31,3.66,Yes
2024-01-04,Mocha,24,4.69,No
2024-01-05,Cappuccino,34,4.96,Yes
2024-01-05,Espresso,33,5.88,No
2024-01-05,Latte,52,5.81,Yes
2024-01-05,Americano,50,4.11,Yes
2024-01-05,Mocha,32,3.63,No
2024-01-06,Cappuccino,35,5.38,Yes
2024-01-06,Espresso,53,4.99,No
2024-01-06,Latte,100,5.23,Yes
2024-01-06,Americano,42,4.11,No
2024-01-06,Mocha,43,4.46,No
2024-01-07,Cappuccino,46,3.73,No
2024-01-07,Espresso,53,5.33,No
2024-01-07,Latte,26,5.3,Yes
2024-01-07,Americano,87,5.79,Yes
2024-01-07,Mocha,50,3.67,Yes
2024-01-08,Cappuccino,23,3.98,Yes
2024-01-08,Espresso,68,5.4,No
2024-01-08,Latte,38,5.46,Yes
2024-01-08,Americano,74,3.7,Yes
2024-01-08,Mocha,74,4.42,Yes
2024-01-09,Cappuccino,89,4.54,No
2024-01-09,Espresso,41,3.63,No
2024-01-09,Latte,86,4.27,Yes
2024-01-09,Americano,38,5.08,Yes
2024-01-09,Mocha,67,4.34,Yes
2024-01-10,Cappuccino,64,3.84,No
2024-01-10,Espresso,63,4.91,No
2024-01-10,Latte,39,4.61,No
2024-01-10,Americano,95,4.93,Yes
2024-01-10,Mocha,87,4.78,No
2024-01-11,Cappuccino,60,4.9,No
2024-01-11,Espresso,77,5.92,No
2024-01-11,Latte,94,4.56,Yes
2024-01-11,Americano,92,3.92,Yes
2024-01-11,Mocha,40,4.5,Yes
2024-01-12,Cappuccino,100,5.93,No
2024-01-12,Espresso,46,3.71,Yes
2024-01-12,Latte,79,3.58,Yes
2024-01-12,Americano,84,3.97,No
2024-01-12,Mocha,53,3.89,No
2024-01-13,Cappuccino,36,5.59,No
2024-01-13,Espresso,87,5.56,Yes
2024-01-13,Latte,54,5.04,Yes
2024-01-13,Americano,42,3.77,Yes
2024-01-13,Mocha,92,4.44,Yes
2024-01-14,Cappuccino,68,5.56,Yes
2024-01-14,Espresso,96,4.34,Yes
2024-01-14,Latte,33,4.22,Yes
2024-01-14,Americano,63,3.59,No
2024-01-14,Mocha,64,3.93,No
2024-01-15,Cappuccino,27,4.78,Yes
2024-01-15,Espresso,83,5.34,Yes
2024-01-15,Latte,67,3.96,No
2024-01-15,Americano,88,5.04,No
2024-01-15,Mocha,77,5.62,Yes
2024-01-16,Cappuccino,31,5.24,No
2024-01-16,Espresso,39,4.15,Yes
2024-01-16,Latte,62,3.82,No
2024-01-16,Americano,65,4.85,No
2024-01-16,Mocha,37,3.72,No
2024-01-17,Cappuccino,96,4.64,No
2024-01-17,Espresso,74,3.6,No
2024-01-17,Latte,24,3.56,No
2024-01-17,Americano,50,4.74,No
2024-01-17,Mocha,59,5.73,No
2024-01-18,Cappuccino,82,3.74,No
2024-01-18,Espresso,80,4.08,No
2024-01-18,Latte,78,4.34,Yes
2024-01-18,Americano,55,5.02,Yes
2024-01-18,Mocha,38,4.63,Yes
2024-01-19,Cappuccino,70,5.15,Yes
2024-01-19,Espresso,25,5.74,Yes
2024-01-19,Latte,95,4.96,Yes
2024-01-19,Americano,60,5.81,No
2024-01-19,Mocha,68,5.35,No
2024-01-20,Cappuccino,84,5.29,No
2024-01-20,Espresso,34,4.37,No
2024-01-20,Latte,42,4.79,No
2024-01-20,Americano,25,4.9,No
2024-01-20,Mocha,40,5.95,No
2024-01-21,Cappuccino,68,4.29,No
2024-01-21,Espresso,33,4.16,No
2024-01-21,Latte,67,4.14,No
2024-01-21,Americano,67,5.76,No
2024-01-21,Mocha,94,3.87,Yes
2024-01-22,Cappuccino,77,4.52,Yes
2024-01-22,Espresso,85,5.41,Yes
2024-01-22,Latte,23,5.81,Yes
2024-01-22,Americano,90,4.69,Yes
2024-01-22,Mocha,77,4.03,No
2024-01-23,Cappuccino,25,4.13,Yes
2024-01-23,Espresso,91,3.97,Yes
2024-01-23,Latte,76,3.96,Yes
2024-01-23,Americano,64,3.96,Yes
2024-01-23,Mocha,22,4.06,No
2024-01-24,Cappuccino,33,3.66,Yes
2024-01-24,Espresso,86,3.99,Yes
2024-01-24,Latte,83,4.07,Yes
2024-01-24,Americano,84,3.62,Yes
2024-01-24,Mocha,95,3.99,Yes
2024-01-25,Cappuccino,26,5.79,Yes
2024-01-25,Espresso,49,4.13,No
2024-01-25,Latte,22,4.2,No
2024-01-25,Americano,29,4.06,Yes
2024-01-25,Mocha,52,4.82,No
2024-01-26,Cappuccino,45,4.92,Yes
2024-01-26,Espresso,88,5.69,No
2024-01-26,Latte,71,3.58,Yes
2024-01-26,Americano,36,4.34,No
2024-01-26,Mocha,60,5.85,Yes
2024-01-27,Cappuccino,47,5.45,Yes
2024-01-27,Espresso,39,5.44,Yes
2024-01-27,Latte,52,3.59,No
2024-01-27,Americano,83,5.39,No
2024-01-27,Mocha,62,5.53,No
2024-01-28,Cappuccino,35,5.95,No
2024-01-28,Espresso,92,5.22,Yes
2024-01-28,Latte,66,5.1,No
2024-01-28,Americano,71,3.6,No
2024-01-28,Mocha,97,4.45,Yes
2024-01-29,Cappuccino,37,5.69,Yes
2024-01-29,Espresso,86,4.92,No
2024-01-29,Latte,41,3.83,No
2024-01-29,Americano,52,3.63,Yes
2024-01-29,Mocha,89,5.55,Yes
2024-01-30,Cappuccino,30,5.26,No
2024-01-30,Espresso,48,4.46,No
2024-01-30,Latte,26,3.51,No
2024-01-30,Americano,39,4.16,No
2024-01-30,Mocha,97,4.48,Yes
2024-01-31,Cappuccino,53,5.69,Yes
2024-01-31,Espresso,94,4.84,Yes
2024-01-31,Latte,27,4.96,Yes
2024-01-31,Americano,25,4.27,No
2024-01-31,Mocha,71,5.32,Yes
2024-02-01,Cappuccino,86,4.53,Yes
2024-02-01,Espresso,59,5.52,Yes
2024-02-01,Latte,89,4.48,Yes
2024-02-01,Americano,46,5.61,Yes
2024-02-01,Mocha,92,4.83,No
2024-02-02,Cappuccino,55,5.3,No
2024-02-02,Espresso,37,3.75,No
2024-02-02,Latte,73,4.62,No
2024-02-02,Americano,71,5.91,No
2024-02-02,Mocha,85,4.33,No
2024-02-03,Cappuccino,65,3.85,Yes
2024-02-03,Espresso,25,5.22,Yes
2024-02-03,Latte,100,4.2,Yes
2024-02-03,Americano,100,3.91,Yes
2024-02-03,Mocha,77,3.93,No
2024-02-04,Cappuccino,69,5.61,Yes
2024-02-04,Espresso,62,4.13,Yes
2024-02-04,Latte,21,4.93,Yes
2024-02-04,Americano,57,5.82,No
2024-02-04,Mocha,53,5.11,Yes
2024-02-05,Cappuccino,45,4.04,No
2024-02-05,Espresso,48,4.29,No
2024-02-05,Latte,52,5.1,No
2024-02-05,Americano,98,5.79,No
2024-02-05,Mocha,79,5.81,No
2024-02-06,Cappuccino,42,3.98,No
2024-02-06,Espresso,94,3.54,Yes
2024-02-06,Latte,21,5.25,Yes
2024-02-06,Americano,93,4.29,No
2024-02-06,Mocha,23,4.55,No
2024-02-07,Cappuccino,23,4.48,No
2024-02-07,Espresso,72,5.26,No
2024-02-07,Latte,93,4.2,No
2024-02-07,Americano,70,4.78,No
2024-02-07,Mocha,86,4.33,Yes
2024-02-08,Cappuccino,60,4.96,Yes
2024-02-08,Espresso,76,4.56,Yes
2024-02-08,Latte,75,5.57,Yes
2024-02-08,Americano,72,4.8,Yes
2024-02-08,Mocha,49,5.12,Yes
2024-02-09,Cappuccino,97,5.0,Yes
2024-02-09,Espresso,65,3.6,Yes
2024-02-09,Latte,85,3.55,Yes
2024-02-09,Americano,57,5.57,No
2024-02-09,Mocha,22,5.89,Yes
2024-02-10,Cappuccino,23,3.6,Yes
2024-02-10,Espresso,70,3.54,Yes
2024-02-10,Latte,27,5.85,Yes
2024-02-10,Americano,51,5.9,Yes
2024-02-10,Mocha,94,4.18,No
2024-02-11,Cappuccino,84,5.99,No
2024-02-11,Espresso,91,3.8,No
2024-02-11,Latte,87,4.13,Yes
2024-02-11,Americano,81,3.72,No
2024-02-11,Mocha,88,5.36,Yes
2024-02-12,Cappuccino,25,5.53,Yes
2024-02-12,Espresso,76,5.89,No
2024-02-12,Latte,92,4.07,Yes
2024-02-12,Americano,81,4.26,Yes
2024-02-12,Mocha,28,5.72,No
2024-02-13,Cappuccino,94,3.92,Yes
2024-02-13,Espresso,88,3.61,No
2024-02-13,Latte,30,4.85,No
2024-02-13,Americano,79,5.35,No
2024-02-13,Mocha,74,3.99,No
2024-02-14,Cappuccino,54,3.9,Yes
2024-02-14,Espresso,60,4.07,Yes
2024-02-14,Latte,67,3.7,Yes
2024-02-14,Americano,74,5.26,No
2024-02-14,Mocha,38,5.29,No
2024-02-15,Cappuccino,47,4.11,No
2024-02-15,Espresso,41,5.5,No
2024-02-15,Latte,35,5.98,Yes
2024-02-15,Americano,20,5.54,No
2024-02-15,Mocha,90,5.4,No
2024-02-16,Cappuccino,33,3.68,No
2024-02-16,Espresso,43,4.4,No
2024-02-16,Latte,48,5.59,Yes
2024-02-16,Americano,79,5.19,No
2024-02-16,Mocha,35,4.02,Yes
2024-02-17,Cappuccino,31,4.0,No
2024-02-17,Espresso,77,4.57,Yes
2024-02-17,Latte,26,4.78,Yes
2024-02-17,Americano,95,4.4,No
2024-02-17,Mocha,37,3.92,Yes
2024-02-18,Cappuccino,87,5.47,No
2024-02-18,Espresso,86,3.63,No
2024-02-18,Latte,59,5.35,Yes
2024-02-18,Americano,74,5.78,Yes
2024-02-18,Mocha,64,5.39,No
2024-02-19,Cappuccino,55,5.87,No
2024-02-19,Espresso,58,4.12,Yes
2024-02-19,Latte,50,5.89,No
2024-02-19,Americano,34,5.82,Yes
2024-02-19,Mocha,35,5.03,No
2024-02-20,Cappuccino,57,4.28,No
2024-02-20,Espresso,74,4.75,No
2024-02-20,Latte,33,5.21,Yes
2024-02-20,Americano,93,4.95,Yes
2024-02-20,Mocha,84,4.61,No
2024-02-21,Cappuccino,22,4.52,No
2024-02-21,Espresso,58,4.29,Yes
2024-02-21,Latte,85,3.89,No
2024-02-21,Americano,64,4.18,No
2024-02-21,Mocha,41,3.57,No
2024-02-22,Cappuccino,38,4.62,No
2024-02-22,Espresso,86,3.54,No
2024-02-22,Latte,82,5.37,Yes
2024-02-22,Americano,37,4.96,No
2024-02-22,Mocha,64,5.34,Yes
2024-02-23,Cappuccino,91,5.67,No
2024-02-23,Espresso,38,5.8,Yes
2024-02-23,Latte,39,5.35,No
2024-02-23,Americano,24,3.58,No
2024-02-23,Mocha,87,3.77,No
2024-02-24,Cappuccino,34,5.89,Yes
2024-02-24,Espresso,94,4.18,Yes
2024-02-24,Latte,100,4.62,Yes
2024-02-24,Americano,58,5.19,No
2024-02-24,Mocha,85,5.85,Yes
2024-02-25,Cappuccino,42,4.35,Yes
2024-02-25,Espresso,22,4.78,Yes
2024-02-25,Latte,52,4.65,No
2024-02-25,Americano,83,3.97,Yes
2024-02-25,Mocha,78,5.37,Yes
2024-02-26,Cappuccino,36,3.61,No
2024-02-26,Espresso,75,5.82,No
2024-02-26,Latte,92,5.79,No
2024-02-26,Americano,89,5.35,No
2024-02-26,Mocha,84,4.42,Yes
2024-02-27,Cappuccino,35,5.04,No
2024-02-27,Espresso,26,4.27,No
2024-02-27,Latte,47,3.82,No
2024-02-27,Americano,60,4.57,No
2024-02-27,Mocha,24,3.86,Yes
2024-02-28,Cappuccino,87,5.88,No
2024-02-28,Espresso,80,5.13,Yes
2024-02-28,Latte,56,3.9,Yes
2024-02-28,Americano,84,3.9,Yes
2024-02-28,Mocha,23,4.73,No
2024-02-29,Cappuccino,23,4.07,No
2024-02-29,Espresso,43,5.06,Yes
2024-02-29,Latte,57,5.41,No
2024-02-29,Americano,70,5.5,No
2024-02-29,Mocha,75,5.78,Yes
2024-03-01,Cappuccino,72,5.34,Yes
2024-03-01,Espresso,58,3.68,Yes
2024-03-01,Latte,48,4.42,No
2024-03-01,Americano,64,4.23,Yes
2024-03-01,Mocha,40,4.29,Yes
2024-03-02,Cappuccino,46,4.28,Yes
2024-03-02,Espresso,82,5.67,No
2024-03-02,Latte,33,5.27,Yes
2024-03-02,Americano,69,5.76,No
2024-03-02,Mocha,87,4.39,No
2024-03-03,Cappuccino,26,5.47,Yes
2024-03-03,Espresso,79,4.55,Yes
2024-03-03,Latte,26,4.85,Yes
2024-03-03,Americano,58,3.65,No
2024-03-03,Mocha,64,4.91,No
2024-03-04,Cappuccino,92,3.85,No
2024-03-04,Espresso,47,4.15,Yes
2024-03-04,Latte,54,5.81,Yes
2024-03-04,Americano,57,5.04,No
2024-03-04,Mocha,69,4.47,No
2024-03-05,Cappuccino,32,3.97,Yes
2024-03-05,Espresso,60,3.7,No
2024-03-05,Latte,39,4.59,No
2024-03-05,Americano,43,4.63,Yes
2024-03-05,Mocha,41,3.57,No
2024-03-06,Cappuccino,49,5.2,No
2024-03-06,Espresso,42,4.89,No
2024-03-06,Latte,86,3.74,No
2024-03-06,Americano,50,3.81,No
2024-03-06,Mocha,29,3.77,Yes
2024-03-07,Cappuccino,37,5.0,No
2024-03-07,Espresso,27,5.25,Yes
2024-03-07,Latte,30,5.41,Yes
2024-03-07,Americano,55,5.54,Yes
2024-03-07,Mocha,77,3.75,Yes
2024-03-08,Cappuccino,98,5.33,Yes
2024-03-08,Espresso,64,4.47,No
2024-03-08,Latte,21,3.69,Yes
2024-03-08,Americano,40,5.64,Yes
2024-03-08,Mocha,71,5.44,Yes
2024-03-09,Cappuccino,76,4.79,No
2024-03-09,Espresso,97,5.01,No
2024-03-09,Latte,45,4.58,No
2024-03-09,Americano,90,4.01,No
2024-03-09,Mocha,56,4.96,No
2024-03-10,Cappuccino,50,5.97,No
2024-03-10,Espresso,95,5.82,Yes
2024-03-10,Latte,23,6.0,Yes
2024-03-10,Americano,79,5.26,No
2024-03-10,Mocha,25,5.76,No
2024-03-11,Cappuccino,100,5.16,Yes
2024-03-11,Espresso,33,5.59,Yes
2024-03-11,Latte,48,4.52,No
2024-03-11,Americano,87,5.11,No
2024-03-11,Mocha,76,3.72,Yes
2024-03-12,Cappuccino,74,3.77,No
2024-03-12,Espresso,47,5.97,No
2024-03-12,Latte,44,3.78,Yes
2024-03-12,Americano,72,4.82,Yes
2024-03-12,Mocha,45,5.04,Yes
2024-03-13,Cappuccino,30,3.56,No
2024-03-13,Espresso,77,5.59,Yes
2024-03-13,Latte,89,4.69,Yes
2024-03-13,Americano,56,4.28,Yes
2024-03-13,Mocha,96,4.6,No
2024-03-14,Cappuccino,74,5.16,Yes
2024-03-14,Espresso,62,4.31,Yes
2024-03-14,Latte,25,5.88,Yes
2024-03-14,Americano,27,5.15,Yes
2024-03-14,Mocha,50,4.49,Yes
2024-03-15,Cappuccino,94,3.94,No
2024-03-15,Espresso,93,3.71,Yes
2024-03-15,Latte,94,5.13,Yes
2024-03-15,Americano,51,3.63,Yes
2024-03-15,Mocha,48,5.55,Yes
2024-03-16,Cappuccino,62,4.26,Yes
2024-03-16,Espresso,88,4.38,Yes
2024-03-16,Latte,33,5.52,No
2024-03-16,Americano,22,5.99,No
2024-03-16,Mocha,94,4.18,No
2024-03-17,Cappuccino,47,3.53,No
2024-03-17,Espresso,62,6.0,No
2024-03-17,Latte,27,4.48,Yes
2024-03-17,Americano,35,5.05,Yes
2024-03-17,Mocha,60,3.72,No
2024-03-18,Cappuccino,50,4.1,Yes
2024-03-18,Espresso,68,4.55,Yes
2024-03-18,Latte,40,4.35,No
2024-03-18,Americano,33,5.77,Yes
2024-03-18,Mocha,77,4.26,Yes
2024-03-19,Cappuccino,56,4.3,Yes
2024-03-19,Espresso,22,4.0,Yes
2024-03-19,Latte,30,5.79,No
2024-03-19,Americano,62,4.06,No
2024-03-19,Mocha,74,4.03,Yes
2024-03-20,Cappuccino,83,4.53,No
2024-03-20,Espresso,50,4.44,No
2024-03-20,Latte,34,4.47,Yes
2024-03-20,Americano,53,4.75,Yes
2024-03-20,Mocha,91,4.82,Yes
2024-03-21,Cappuccino,42,3.83,Yes
2024-03-21,Espresso,77,3.88,Yes
2024-03-21,Latte,37,5.05,Yes
2024-03-21,Americano,77,4.24,Yes
2024-03-21,Mocha,21,4.15,No
2024-03-22,Cappuccino,35,5.86,No
2024-03-22,Espresso,30,4.07,Yes
2024-03-22,Latte,94,3.51,No
2024-03-22,Americano,37,5.19,Yes
2024-03-22,Mocha,23,3.55,No
2024-03-23,Cappuccino,71,4.96,No
2024-03-23,Espresso,52,4.04,No
2024-03-23,Latte,30,5.71,No
2024-03-23,Americano,21,4.85,Yes
2024-03-23,Mocha,72,3.88,Yes
2024-03-24,Cappuccino,22,4.88,No
2024-03-24,Espresso,48,4.97,Yes
2024-03-24,Latte,48,3.72,No
2024-03-24,Americano,55,5.77,No
2024-03-24,Mocha,53,5.92,Yes
2024-03-25,Cappuccino,40,5.75,No
2024-03-25,Espresso,35,4.7,No
2024-03-25,Latte,74,4.96,No
2024-03-25,Americano,61,4.33,No
2024-03-25,Mocha,81,3.88,Yes
2024-03-26,Cappuccino,89,4.36,Yes
2024-03-26,Espresso,89,5.59,Yes
2024-03-26,Latte,61,5.69,No
2024-03-26,Americano,38,5.84,No
2024-03-26,Mocha,23,5.38,Yes
2024-03-27,Cappuccino,87,3.94,No
2024-03-27,Espresso,65,5.3,No
2024-03-27,Latte,51,5.08,Yes
2024-03-27,Americano,59,5.83,Yes
2024-03-27,Mocha,99,3.87,Yes
2024-03-28,Cappuccino,39,4.56,No
2024-03-28,Espresso,82,4.89,No
2024-03-28,Latte,63,4.2,No
2024-03-28,Americano,46,5.51,Yes
2024-03-28,Mocha,35,5.21,Yes
2024-03-29,Cappuccino,45,3.77,No
2024-03-29,Espresso,91,5.46,No
2024-03-29,Latte,32,4.03,Yes
2024-03-29,Americano,59,5.59,Yes
2024-03-29,Mocha,28,5.76,Yes
2024-03-30,Cappuccino,55,4.07,No
2024-03-30,Espresso,21,4.98,Yes
2024-03-30,Latte,92,3.97,Yes
2024-03-30,Americano,34,3.8,No
2024-03-30,Mocha,73,4.32,Yes
2024-03-31,Cappuccino,44,3.74,Yes
2024-03-31,Espresso,64,4.7,No
2024-03-31,Latte,86,4.46,No
2024-03-31,Americano,86,3.74,Yes
2024-03-31,Mocha,51,4.89,No
2024-04-01,Cappuccino,66,3.65,No
2024-04-01,Espresso,73,4.32,Yes
2024-04-01,Latte,34,4.6,Yes
2024-04-01,Americano,37,5.07,Yes
2024-04-01,Mocha,88,3.9,No
2024-04-02,Cappuccino,71,5.71,No
2024-04-02,Espresso,30,4.7,Yes
2024-04-02,Latte,23,5.36,No
2024-04-02,Americano,64,4.49,Yes
2024-04-02,Mocha,78,3.66,Yes
2024-04-03,Cappuccino,32,5.33,No
2024-04-03,Espresso,100,4.55,No
2024-04-03,Latte,58,5.35,No
2024-04-03,Americano,65,3.5,No
2024-04-03,Mocha,82,3.86,No
2024-04-04,Cappuccino,76,4.27,No
2024-04-04,Espresso,49,5.25,Yes
2024-04-04,Latte,47,5.51,No
2024-04-04,Americano,86,5.67,Yes
2024-04-04,Mocha,77,4.41,Yes
2024-04-05,Cappuccino,71,4.09,No
2024-04-05,Espresso,40,4.07,No
2024-04-05,Latte,73,4.28,Yes
2024-04-05,Americano,89,4.45,No
2024-04-05,Mocha,29,5.26,Yes
2024-04-06,Cappuccino,74,5.78,No
2024-04-06,Espresso,47,4.94,Yes
2024-04-06,Latte,93,4.35,Yes
2024-04-06,Americano,99,4.51,No
2024-04-06,Mocha,52,5.74,No
2024-04-07,Cappuccino,98,4.33,No
2024-04-07,Espresso,88,3.6,No
2024-04-07,Latte,89,4.91,No
2024-04-07,Americano,86,5.79,Yes
2024-04-07,Mocha,27,5.99,No
2024-04-08,Cappuccino,79,4.31,No
2024-04-08,Espresso,30,3.63,Yes
2024-04-08,Latte,100,4.65,No
2024-04-08,Americano,62,4.93,No
2024-04-08,Mocha,91,4.25,Yes
2024-04-09,Cappuccino,20,4.5,No
2024-04-09,Espresso,38,4.09,No
2024-04-09,Latte,54,5.34,Yes
2024-04-09,Americano,94,3.56,Yes
2024-04-09,Mocha,21,5.8,No
2024-04-10,Cappuccino,34,4.59,Yes
2024-04-10,Espresso,96,5.4,No
2024-04-10,Latte,92,4.75,Yes
2024-04-10,Americano,98,3.87,Yes
2024-04-10,Mocha,82,5.79,Yes
2024-04-11,Cappuccino,89,4.52,No
2024-04-11,Espresso,75,4.0,Yes
2024-04-11,Latte,88,5.06,No
2024-04-11,Americano,84,5.45,No
2024-04-11,Mocha,80,5.15,Yes
2024-04-12,Cappuccino,80,3.79,No
2024-04-12,Espresso,64,3.65,Yes
2024-04-12,Latte,89,3.53,No
2024-04-12,Americano,32,4.32,No
2024-04-12,Mocha,27,4.21,Yes
2024-04-13,Cappuccino,69,4.57,No
2024-04-13,Espresso,28,5.47,No
2024-04-13,Latte,66,5.77,No
2024-04-13,Americano,68,4.66,No
2024-04-13,Mocha,92,5.75,No
2024-04-14,Cappuccino,36,3.82,Yes
2024-04-14,Espresso,25,5.54,No
2024-04-14,Latte,33,4.83,No
2024-04-14,Americano,78,4.86,No
2024-04-14,Mocha,69,3.78,Yes
2024-04-15,Cappuccino,79,5.78,Yes
2024-04-15,Espresso,68,5.67,No
2024-04-15,Latte,73,4.44,No
2024-04-15,Americano,35,5.86,Yes
2024-04-15,Mocha,40,3.82,Yes
2024-04-16,Cappuccino,73,5.91,Yes
2024-04-16,Espresso,46,3.84,Yes
2024-04-16,Latte,42,5.29,No
2024-04-16,Americano,30,3.87,No
2024-04-16,Mocha,61,5.93,Yes
2024-04-17,Cappuccino,93,3.64,No
2024-04-17,Espresso,62,4.8,No
2024-04-17,Latte,88,3.66,Yes
2024-04-17,Americano,21,5.5,Yes
2024-04-17,Mocha,33,3.73,No
2024-04-18,Cappuccino,25,5.6,Yes
2024-04-18,Espresso,40,4.6,No
2024-04-18,Latte,78,4.6,Yes
2024-04-18,Americano,58,5.52,Yes
2024-04-18,Mocha,25,4.75,No
2024-04-19,Cappuccino,43,3.67,Yes
2024-04-19,Espresso,72,4.96,No
2024-04-19,Latte,86,3.51,No
2024-04-19,Americano,71,4.42,No
2024-04-19,Mocha,59,3.68,Yes
2024-04-20,Cappuccino,100,5.76,No
2024-04-20,Espresso,64,3.55,Yes
2024-04-20,Latte,37,5.72,No
2024-04-20,Americano,93,3.77,No
2024-04-20,Mocha,44,4.45,No
2024-04-21,Cappuccino,88,4.1,Yes
2024-04-21,Espresso,30,5.2,No
2024-04-21,Latte,81,4.28,No
2024-04-21,Americano,75,4.36,No
2024-04-21,Mocha,78,5.28,No
2024-04-22,Cappuccino,29,5.39,No
2024-04-22,Espresso,50,5.0,Yes
2024-04-22,Latte,43,5.1,Yes
2024-04-22,Americano,40,5.03,No
2024-04-22,Mocha,65,3.92,No
2024-04-23,Cappuccino,87,4.11,No
2024-04-23,Espresso,70,4.25,Yes
2024-04-23,Latte,20,5.96,Yes
2024-04-23,Americano,25,4.38,No
2024-04-23,Mocha,98,5.58,No
2024-04-24,Cappuccino,56,5.81,Yes
2024-04-24,Espresso,21,4.87,No
2024-04-24,Latte,89,3.89,Yes
2024-04-24,Americano,55,3.56,No
2024-04-24,Mocha,63,4.38,Yes
2024-04-25,Cappuccino,21,5.57,Yes
2024-04-25,Espresso,83,4.59,Yes
2024-04-25,Latte,36,4.24,No
2024-04-25,Americano,35,5.27,Yes
2024-04-25,Mocha,90,5.42,No
2024-04-26,Cappuccino,51,3.87,Yes
2024-04-26,Espresso,86,3.78,No
2024-04-26,Latte,97,5.74,Yes
2024-04-26,Americano,41,4.11,Yes
2024-04-26,Mocha,43,4.97,No
2024-04-27,Cappuccino,79,4.79,No
2024-04-27,Espresso,48,4.08,Yes
2024-04-27,Latte,64,5.56,Yes
2024-04-27,Americano,66,4.86,No
2024-04-27,Mocha,68,4.81,Yes
2024-04-28,Cappuccino,34,3.73,No
2024-04-28,Espresso,73,3.95,Yes
2024-04-28,Latte,30,5.58,Yes
2024-04-28,Americano,91,4.36,No
2024-04-28,Mocha,66,4.64,Yes
2024-04-29,Cappuccino,79,4.43,No
2024-04-29,Espresso,48,5.32,No
2024-04-29,Latte,65,5.5,No
2024-04-29,Americano,69,4.29,Yes
2024-04-29,Mocha,26,5.94,No
2024-04-30,Cappuccino,27,5.51,No
2024-04-30,Espresso,72,4.13,No
2024-04-30,Latte,75,4.37,No
2024-04-30,Americano,53,3.72,No
2024-04-30,Mocha,94,4.83,No
2024-05-01,Cappuccino,96,4.49,No
2024-05-01,Espresso,24,5.2,No
2024-05-01,Latte,56,5.14,No
2024-05-01,Americano,65,3.96,Yes
2024-05-01,Mocha,99,5.85,Yes
2024-05-02,Cappuccino,90,5.91,No
2024-05-02,Espresso,71,3.53,Yes
2024-05-02,Latte,84,5.16,Yes
2024-05-02,Americano,99,4.25,Yes
2024-05-02,Mocha,93,4.52,Yes
2024-05-03,Cappuccino,71,5.72,Yes
2024-05-03,Espresso,34,4.75,No
2024-05-03,Latte,31,5.61,Yes
2024-05-03,Americano,82,3.57,No
2024-05-03,Mocha,100,4.35,No
2024-05-04,Cappuccino,63,5.19,Yes
2024-05-04,Espresso,75,4.89,No
2024-05-04,Latte,52,3.87,No
2024-05-04,Americano,43,3.81,Yes
2024-05-04,Mocha,47,5.02,Yes
2024-05-05,Cappuccino,34,5.96,Yes
2024-05-05,Espresso,85,5.05,Yes
2024-05-05,Latte,27,5.14,Yes
2024-05-05,Americano,80,4.9,No
2024-05-05,Mocha,100,4.94,No
2024-05-06,Cappuccino,77,4.94,No
2024-05-06,Espresso,68,3.6,Yes
2024-05-06,Latte,86,4.91,No
2024-05-06,Americano,91,5.64,No
2024-05-06,Mocha,39,3.74,Yes
2024-05-07,Cappuccino,93,5.96,Yes
2024-05-07,Espresso,52,5.81,Yes
2024-05-07,Latte,86,4.54,Yes
2024-05-07,Americano,29,5.26,Yes
2024-05-07,Mocha,88,4.55,Yes
2024-05-08,Cappuccino,85,5.31,Yes
2024-05-08,Espresso,76,5.99,No
2024-05-08,Latte,54,3.99,Yes
2024-05-08,Americano,27,5.97,Yes
2024-05-08,Mocha,48,3.66,No
2024-05-09,Cappuccino,36,3.9,Yes
2024-05-09,Espresso,40,4.47,Yes
2024-05-09,Latte,81,4.82,No
2024-05-09,Americano,45,4.52,Yes
2024-05-09,Mocha,28,5.94,Yes
2024-05-10,Cappuccino,28,5.15,Yes
2024-05-10,Espresso,29,5.13,No
2024-05-10,Latte,40,5.7,Yes
2024-05-10,Americano,77,4.44,No
2024-05-10,Mocha,71,5.51,No
2024-05-11,Cappuccino,68,4.87,No
2024-05-11,Espresso,25,4.25,Yes
2024-05-11,Latte,29,4.35,No
2024-05-11,Americano,85,3.56,No
2024-05-11,Mocha,91,3.64,Yes
2024-05-12,Cappuccino,67,5.32,Yes
2024-05-12,Espresso,93,3.9,Yes
2024-05-12,Latte,45,5.5,No
2024-05-12,Americano,39,5.88,No
2024-05-12,Mocha,98,4.3,Yes
2024-05-13,Cappuccino,50,3.93,No
2024-05-13,Espresso,93,5.02,Yes
2024-05-13,Latte,39,4.82,Yes
2024-05-13,Americano,52,5.83,Yes
2024-05-13,Mocha,94,4.86,No
2024-05-14,Cappuccino,57,3.99,No
2024-05-14,Espresso,90,4.63,No
2024-05-14,Latte,91,5.51,Yes
2024-05-14,Americano,74,4.88,No
2024-05-14,Mocha,86,5.45,Yes
2024-05-15,Cappuccino,89,3.94,No
2024-05-15,Espresso,20,5.93,Yes
2024-05-15,Latte,42,5.46,No
2024-05-15,Americano,60,3.94,Yes
2024-05-15,Mocha,60,5.34,No
2024-05-16,Cappuccino,95,4.34,No
2024-05-16,Espresso,36,4.61,No
2024-05-16,Latte,39,5.86,Yes
2024-05-16,Americano,67,5.71,Yes
2024-05-16,Mocha,61,5.87,Yes
2024-05-17,Cappuccino,63,3.67,Yes
2024-05-17,Espresso,59,4.0,No
2024-05-17,Latte,65,3.93,Yes
2024-05-17,Americano,95,5.96,Yes
2024-05-17,Mocha,69,4.1,No
2024-05-18,Cappuccino,88,5.31,No
2024-05-18,Espresso,66,5.24,No
2024-05-18,Latte,52,3.73,Yes
2024-05-18,Americano,99,3.59,Yes
2024-05-18,Mocha,83,3.82,Yes
2024-05-19,Cappuccino,81,5.86,Yes
2024-05-19,Espresso,77,5.6,Yes
2024-05-19,Latte,51,5.49,Yes
2024-05-19,Americano,67,3.62,Yes
2024-05-19,Mocha,36,3.52,No
2024-05-20,Cappuccino,39,4.28,Yes
2024-05-20,Espresso,43,5.07,Yes
2024-05-20,Latte,26,4.45,No
2024-05-20,Americano,40,4.73,No
2024-05-20,Mocha,36,4.23,No
2024-05-21,Cappuccino,45,5.06,Yes
2024-05-21,Espresso,46,5.08,Yes
2024-05-21,Latte,22,4.09,Yes
2024-05-21,Americano,40,4.62,Yes
2024-05-21,Mocha,39,5.69,No
2024-05-22,Cappuccino,52,3.79,Yes
2024-05-22,Espresso,50,5.68,Yes
2024-05-22,Latte,98,5.78,No
2024-05-22,Americano,23,4.5,No
2024-05-22,Mocha,52,4.07,Yes
2024-05-23,Cappuccino,95,3.93,Yes
2024-05-23,Espresso,94,5.26,No
2024-05-23,Latte,25,4.92,Yes
2024-05-23,Americano,99,3.75,Yes
2024-05-23,Mocha,34,5.3,Yes
2024-05-24,Cappuccino,90,5.8,Yes
2024-05-24,Espresso,35,4.9,No
2024-05-24,Latte,59,4.17,Yes
2024-05-24,Americano,51,3.93,No
2024-05-24,Mocha,78,5.6,Yes
2024-05-25,Cappuccino,69,5.87,No
2024-05-25,Espresso,54,4.11,No
2024-05-25,Latte,36,4.91,No
2024-05-25,Americano,34,5.92,No
2024-05-25,Mocha,86,4.68,Yes
2024-05-26,Cappuccino,52,5.96,Yes
2024-05-26,Espresso,32,4.46,No
2024-05-26,Latte,51,5.22,No
2024-05-26,Americano,22,5.65,No
2024-05-26,Mocha,86,4.91,Yes
2024-05-27,Cappuccino,56,4.12,Yes
2024-05-27,Espresso,90,4.04,No
2024-05-27,Latte,45,3.65,No
2024-05-27,Americano,42,5.43,No
2024-05-27,Mocha,32,3.94,No
2024-05-28,Cappuccino,100,5.53,Yes
2024-05-28,Espresso,94,4.02,No
2024-05-28,Latte,80,4.83,No
2024-05-28,Americano,48,5.99,No
2024-05-28,Mocha,92,4.87,Yes
2024-05-29,Cappuccino,68,5.04,No
2024-05-29,Espresso,85,4.73,No
2024-05-29,Latte,42,5.86,Yes
2024-05-29,Americano,52,5.07,Yes
2024-05-29,Mocha,61,3.98,No
2024-05-30,Cappuccino,73,5.71,No
2024-05-30,Espresso,54,4.75,No
2024-05-30,Latte,27,5.52,Yes
2024-05-30,Americano,62,5.62,Yes
2024-05-30,Mocha,84,5.6,Yes
2024-05-31,Cappuccino,97,5.97,No
2024-05-31,Espresso,40,3.71,Yes
2024-05-31,Latte,63,4.17,Yes
2024-05-31,Americano,98,5.06,Yes
2024-05-31,Mocha,23,5.59,Yes
2024-06-01,Cappuccino,32,3.82,Yes
2024-06-01,Espresso,64,3.61,No
2024-06-01,Latte,52,5.98,No
2024-06-01,Americano,70,5.84,Yes
2024-06-01,Mocha,35,5.55,No
2024-06-02,Cappuccino,37,5.49,Yes
2024-06-02,Espresso,63,4.93,No
2024-06-02,Latte,72,5.49,Yes
2024-06-02,Americano,29,4.43,Yes
2024-06-02,Mocha,68,5.82,No
2024-06-03,Cappuccino,21,4.8,No
2024-06-03,Espresso,46,4.01,Yes
2024-06-03,Latte,55,4.88,No
2024-06-03,Americano,29,4.59,Yes
2024-06-03,Mocha,43,4.58,No
2024-06-04,Cappuccino,27,5.48,No
2024-06-04,Espresso,34,3.67,No
2024-06-04,Latte,84,5.68,Yes
2024-06-04,Americano,50,5.82,No
2024-06-04,Mocha,46,3.65,No
2024-06-05,Cappuccino,78,4.59,Yes
2024-06-05,Espresso,58,4.6,Yes
2024-06-05,Latte,95,4.46,Yes
2024-06-05,Americano,98,4.96,Yes
2024-06-05,Mocha,26,4.33,Yes
2024-06-06,Cappuccino,57,3.6,No
2024-06-06,Espresso,33,5.69,Yes
2024-06-06,Latte,97,5.76,Yes
2024-06-06,Americano,80,4.25,No
2024-06-06,Mocha,83,5.84,Yes
2024-06-07,Cappuccino,88,5.87,Yes
2024-06-07,Espresso,99,4.12,Yes
2024-06-07,Latte,58,5.84,No
2024-06-07,Americano,98,4.9,Yes
2024-06-07,Mocha,85,5.32,No
2024-06-08,Cappuccino,56,4.18,No
2024-06-08,Espresso,32,5.25,Yes
2024-06-08,Latte,61,3.87,Yes
2024-06-08,Americano,32,5.11,Yes
2024-06-08,Mocha,24,3.73,Yes
2024-06-09,Cappuccino,94,3.87,Yes
2024-06-09,Espresso,88,3.51,Yes
2024-06-09,Latte,73,5.14,No
2024-06-09,Americano,24,5.48,No
2024-06-09,Mocha,58,5.32,Yes
2024-06-10,Cappuccino,97,5.64,Yes
2024-06-10,Espresso,69,5.83,Yes
2024-06-10,Latte,99,5.95,No
2024-06-10,Americano,48,4.76,No
2024-06-10,Mocha,96,5.6,Yes
2024-06-11,Cappuccino,90,3.72,Yes
2024-06-11,Espresso,40,3.52,Yes
2024-06-11,Latte,21,4.33,Yes
2024-06-11,Americano,68,4.18,Yes
2024-06-11,Mocha,37,5.51,No
2024-06-12,Cappuccino,30,5.33,No
2024-06-12,Espresso,78,5.92,Yes
2024-06-12,Latte,69,3.57,No
2024-06-12,Americano,50,5.46,Yes
2024-06-12,Mocha,72,3.69,Yes
2024-06-13,Cappuccino,76,4.92,No
2024-06-13,Espresso,91,4.73,No
2024-06-13,Latte,70,5.26,No
2024-06-13,Americano,97,3.52,No
2024-06-13,Mocha,59,4.52,Yes
2024-06-14,Cappuccino,81,5.24,Yes
2024-06-14,Espresso,78,3.88,No
2024-06-14,Latte,81,5.73,Yes
2024-06-14,Americano,36,5.68,Yes
2024-06-14,Mocha,82,4.74,Yes
2024-06-15,Cappuccino,86,4.53,Yes
2024-06-15,Espresso,98,4.88,Yes
2024-06-15,Latte,54,3.89,No
2024-06-15,Americano,21,4.89,Yes
2024-06-15,Mocha,89,5.16,No
2024-06-16,Cappuccino,81,3.87,Yes
2024-06-16,Espresso,80,5.99,Yes
2024-06-16,Latte,76,3.52,No
2024-06-16,Americano,33,4.22,No
2024-06-16,Mocha,47,3.84,Yes
2024-06-17,Cappuccino,32,4.26,No
2024-06-17,Espresso,67,5.36,No
2024-06-17,Latte,83,4.87,No
2024-06-17,Americano,57,5.99,Yes
2024-06-17,Mocha,88,5.19,No
2024-06-18,Cappuccino,86,4.42,Yes
2024-06-18,Espresso,39,4.71,No
2024-06-18,Latte,100,4.74,Yes
2024-06-18,Americano,62,3.62,Yes
2024-06-18,Mocha,94,3.69,No
2024-06-19,Cappuccino,57,4.77,Yes
2024-06-19,Espresso,95,5.86,No
2024-06-19,Latte,36,4.88,Yes
2024-06-19,Americano,51,5.23,Yes
2024-06-19,Mocha,97,5.88,No
2024-06-20,Cappuccino,94,5.3,No
2024-06-20,Espresso,52,5.82,No
2024-06-20,Latte,74,5.5,Yes
2024-06-20,Americano,56,5.26,No
2024-06-20,Mocha,61,5.08,Yes
2024-06-21,Cappuccino,96,5.21,No
2024-06-21,Espresso,94,5.64,Yes
2024-06-21,Latte,59,4.95,No
2024-06-21,Americano,81,3.97,No
2024-06-21,Mocha,64,5.5,Yes
2024-06-22,Cappuccino,84,5.64,Yes
2024-06-22,Espresso,41,5.72,Yes
2024-06-22,Latte,95,5.8,No
2024-06-22,Americano,62,3.66,No
2024-06-22,Mocha,58,4.57,Yes
2024-06-23,Cappuccino,71,4.56,No
2024-06-23,Espresso,91,5.39,No
2024-06-23,Latte,94,3.61,No
2024-06-23,Americano,63,5.3,No
2024-06-23,Mocha,84,5.97,Yes
2024-06-24,Cappuccino,72,3.77,Yes
2024-06-24,Espresso,70,5.75,No
2024-06-24,Latte,63,5.82,Yes
2024-06-24,Americano,60,4.97,No
2024-06-24,Mocha,48,3.97,No
2024-06-25,Cappuccino,54,4.59,No
2024-06-25,Espresso,44,5.6,Yes
2024-06-25,Latte,74,4.54,Yes
2024-06-25,Americano,56,4.51,Yes
2024-06-25,Mocha,50,5.85,Yes
2024-06-26,Cappuccino,27,4.22,No
2024-06-26,Espresso,60,4.71,Yes
2024-06-26,Latte,79,4.61,No
2024-06-26,Americano,94,5.66,No
2024-06-26,Mocha,22,4.82,No
2024-06-27,Cappuccino,100,3.53,Yes
2024-06-27,Espresso,39,5.75,Yes
2024-06-27,Latte,61,5.47,Yes
2024-06-27,Americano,61,5.12,No
2024-06-27,Mocha,40,4.45,No
2024-06-28,Cappuccino,58,5.97,No
2024-06-28,Espresso,34,5.62,No
2024-06-28,Latte,87,4.94,No
2024-06-28,Americano,75,5.14,Yes
2024-06-28,Mocha,31,5.58,No
2024-06-29,Cappuccino,62,5.18,No
2024-06-29,Espresso,81,5.03,No
2024-06-29,Latte,37,3.75,Yes
2024-06-29,Americano,82,3.51,No
2024-06-29,Mocha,42,4.53,No
2024-06-30,Cappuccino,46,5.34,No
2024-06-30,Espresso,31,5.82,Yes
2024-06-30,Latte,39,5.49,No
2024-06-30,Americano,76,5.66,Yes
2024-06-30,Mocha,69,5.32,No
2024-07-01,Cappuccino,42,4.6,Yes
2024-07-01,Espresso,49,4.57,No
2024-07-01,Latte,28,3.56,No
2024-07-01,Americano,55,3.75,Yes
2024-07-01,Mocha,70,5.75,No
2024-07-02,Cappuccino,62,3.9,No
2024-07-02,Espresso,52,5.72,No
2024-07-02,Latte,83,4.66,No
2024-07-02,Americano,38,5.76,Yes
2024-07-02,Mocha,94,4.32,No
2024-07-03,Cappuccino,72,5.19,Yes
2024-07-03,Espresso,83,5.84,No
2024-07-03,Latte,47,5.65,Yes
2024-07-03,Americano,74,4.14,Yes
2024-07-03,Mocha,43,3.88,Yes
2024-07-04,Cappuccino,32,4.0,Yes
2024-07-04,Espresso,72,5.11,No
2024-07-04,Latte,68,4.59,No
2024-07-04,Americano,87,5.69,No
2024-07-04,Mocha,69,4.44,Yes
2024-07-05,Cappuccino,84,5.69,No
2024-07-05,Espresso,71,5.38,Yes
2024-07-05,Latte,39,4.06,Yes
2024-07-05,Americano,57,3.84,No
2024-07-05,Mocha,21,4.76,No
2024-07-06,Cappuccino,71,4.25,Yes
2024-07-06,Espresso,95,4.38,Yes
2024-07-06,Latte,44,4.76,No
2024-07-06,Americano,45,5.84,Yes
2024-07-06,Mocha,47,3.61,Yes
2024-07-07,Cappuccino,69,3.97,No
2024-07-07,Espresso,84,4.11,Yes
2024-07-07,Latte,35,5.05,No
2024-07-07,Americano,92,5.33,No
2024-07-07,Mocha,61,5.93,No
2024-07-08,Cappuccino,56,5.4,No
2024-07-08,Espresso,57,3.77,No
2024-07-08,Latte,51,5.85,Yes
2024-07-08,Americano,92,5.34,Yes
2024-07-08,Mocha,55,4.57,No
2024-07-09,Cappuccino,30,5.17,No
2024-07-09,Espresso,21,5.68,Yes
2024-07-09,Latte,54,4.5,Yes
2024-07-09,Americano,98,5.8,Yes
2024-07-09,Mocha,77,3.77,Yes
2024-07-10,Cappuccino,54,5.57,Yes
2024-07-10,Espresso,21,5.8,Yes
2024-07-10,Latte,85,3.74,No
2024-07-10,Americano,23,4.15,No
2024-07-10,Mocha,85,5.58,Yes
2024-07-11,Cappuccino,51,5.99,Yes
2024-07-11,Espresso,92,5.11,Yes
2024-07-11,Latte,68,4.64,Yes
2024-07-11,Americano,63,3.74,No
2024-07-11,Mocha,86,4.32,Yes
2024-07-12,Cappuccino,28,5.61,No
2024-07-12,Espresso,57,4.08,Yes
2024-07-12,Latte,49,4.9,No
2024-07-12,Americano,45,3.97,Yes
2024-07-12,Mocha,51,4.82,Yes
2024-07-13,Cappuccino,68,5.29,Yes
2024-07-13,Espresso,54,3.8,No
2024-07-13,Latte,27,5.67,No
2024-07-13,Americano,79,4.59,No
2024-07-13,Mocha,81,4.78,No
2024-07-14,Cappuccino,47,5.38,No
2024-07-14,Espresso,33,5.19,No
2024-07-14,Latte,62,5.6,Yes
2024-07-14,Americano,30,4.75,Yes
2024-07-14,Mocha,47,5.7,Yes
2024-07-15,Cappuccino,29,3.89,No
2024-07-15,Espresso,71,5.64,Yes
2024-07-15,Latte,22,3.66,No
2024-07-15,Americano,48,4.03,No
2024-07-15,Mocha,28,4.13,No
2024-07-16,Cappuccino,68,3.86,No
2024-07-16,Espresso,64,4.35,Yes
2024-07-16,Latte,46,5.34,No
2024-07-16,Americano,61,3.69,No
2024-07-16,Mocha,69,3.56,No
2024-07-17,Cappuccino,23,5.94,Yes
2024-07-17,Espresso,87,5.46,Yes
2024-07-17,Latte,55,5.57,Yes
2024-07-17,Americano,90,5.4,No
2024-07-17,Mocha,28,4.62,No
2024-07-18,Cappuccino,94,4.43,Yes
2024-07-18,Espresso,34,4.97,No
2024-07-18,Latte,20,5.95,No
2024-07-18,Americano,76,5.37,No
2024-07-18,Mocha,32,4.88,No
2024-07-19,Cappuccino,26,3.95,Yes
2024-07-19,Espresso,32,5.31,No
2024-07-19,Latte,97,3.63,Yes
2024-07-19,Americano,96,5.13,No
2024-07-19,Mocha,75,5.07,Yes
2024-07-20,Cappuccino,81,3.82,Yes
2024-07-20,Espresso,28,4.22,Yes
2024-07-20,Latte,98,5.38,Yes
2024-07-20,Americano,32,4.69,Yes
2024-07-20,Mocha,34,4.74,Yes
2024-07-21,Cappuccino,62,5.99,Yes
2024-07-21,Espresso,87,4.37,No
2024-07-21,Latte,33,5.61,No
2024-07-21,Americano,62,5.94,Yes
2024-07-21,Mocha,28,4.39,Yes
2024-07-22,Cappuccino,54,5.67,No
2024-07-22,Espresso,64,4.76,Yes
2024-07-22,Latte,58,3.66,Yes
2024-07-22,Americano,81,4.32,No
2024-07-22,Mocha,80,4.83,Yes
2024-07-23,Cappuccino,33,4.79,No
2024-07-23,Espresso,29,4.84,Yes
2024-07-23,Latte,28,5.05,No
2024-07-23,Americano,84,5.66,Yes
2024-07-23,Mocha,60,3.83,Yes
2024-07-24,Cappuccino,63,5.92,Yes
2024-07-24,Espresso,64,4.35,No
2024-07-24,Latte,100,5.56,Yes
2024-07-24,Americano,40,5.25,Yes
2024-07-24,Mocha,30,5.99,No
2024-07-25,Cappuccino,96,5.37,No
2024-07-25,Espresso,50,5.46,Yes
2024-07-25,Latte,42,3.7,Yes
2024-07-25,Americano,51,4.43,Yes
2024-07-25,Mocha,76,4.06,Yes
2024-07-26,Cappuccino,26,4.46,Yes
2024-07-26,Espresso,67,5.12,No
2024-07-26,Latte,20,4.96,Yes
2024-07-26,Americano,37,5.03,Yes
2024-07-26,Mocha,94,3.98,No
2024-07-27,Cappuccino,96,5.4,No
2024-07-27,Espresso,65,4.64,No
2024-07-27,Latte,66,4.67,No
2024-07-27,Americano,45,5.28,No
2024-07-27,Mocha,72,4.8,No
2024-07-28,Cappuccino,90,4.56,No
2024-07-28,Espresso,65,4.53,No
2024-07-28,Latte,70,4.24,Yes
2024-07-28,Americano,46,4.67,Yes
2024-07-28,Mocha,86,4.99,Yes
2024-07-29,Cappuccino,46,4.93,Yes
2024-07-29,Espresso,36,5.14,Yes
2024-07-29,Latte,93,5.57,No
2024-07-29,Americano,37,4.68,No
2024-07-29,Mocha,25,3.99,No
2024-07-30,Cappuccino,33,3.51,No
2024-07-30,Espresso,43,4.92,No
2024-07-30,Latte,62,4.45,No
2024-07-30,Americano,59,5.52,Yes
2024-07-30,Mocha,59,5.8,No
2024-07-31,Cappuccino,52,5.32,Yes
2024-07-31,Espresso,91,5.12,Yes
2024-07-31,Latte,75,4.05,Yes
2024-07-31,Americano,58,5.87,Yes
2024-07-31,Mocha,87,4.69,No
2024-08-01,Cappuccino,26,5.51,Yes
2024-08-01,Espresso,31,4.57,No
2024-08-01,Latte,33,4.67,No
2024-08-01,Americano,56,3.82,Yes
2024-08-01,Mocha,69,4.37,No
2024-08-02,Cappuccino,42,5.8,Yes
2024-08-02,Espresso,87,3.99,No
2024-08-02,Latte,58,4.23,Yes
2024-08-02,Americano,42,5.25,Yes
2024-08-02,Mocha,21,4.42,No
2024-08-03,Cappuccino,73,3.95,No
2024-08-03,Espresso,24,5.66,No
2024-08-03,Latte,49,4.92,Yes
2024-08-03,Americano,47,5.79,No
2024-08-03,Mocha,21,5.55,No
2024-08-04,Cappuccino,44,5.5,Yes
2024-08-04,Espresso,32,3.98,Yes
2024-08-04,Latte,79,5.44,No
2024-08-04,Americano,99,4.03,Yes
2024-08-04,Mocha,23,5.63,No
2024-08-05,Cappuccino,81,3.6,Yes
2024-08-05,Espresso,92,4.61,No
2024-08-05,Latte,41,5.48,Yes
2024-08-05,Americano,55,4.28,Yes
2024-08-05,Mocha,35,4.8,Yes
2024-08-06,Cappuccino,53,5.48,No
2024-08-06,Espresso,39,4.81,Yes
2024-08-06,Latte,32,4.09,No
2024-08-06,Americano,44,3.81,Yes
2024-08-06,Mocha,99,3.66,No
2024-08-07,Cappuccino,37,3.76,No
2024-08-07,Espresso,33,5.18,Yes
2024-08-07,Latte,62,5.2,No
2024-08-07,Americano,59,4.53,No
2024-08-07,Mocha,85,4.87,No
2024-08-08,Cappuccino,32,4.0,No
2024-08-08,Espresso,32,5.04,No
2024-08-08,Latte,71,5.36,Yes
2024-08-08,Americano,56,5.68,Yes
2024-08-08,Mocha,38,5.19,Yes
2024-08-09,Cappuccino,57,4.33,Yes
2024-08-09,Espresso,88,5.3,Yes
2024-08-09,Latte,33,3.72,Yes
2024-08-09,Americano,41,5.44,Yes
2024-08-09,Mocha,62,5.52,Yes
2024-08-10,Cappuccino,40,3.63,Yes
2024-08-10,Espresso,32,3.97,No
2024-08-10,Latte,100,5.61,No
2024-08-10,Americano,99,4.98,Yes
2024-08-10,Mocha,74,5.74,No
2024-08-11,Cappuccino,57,5.93,Yes
2024-08-11,Espresso,50,4.39,Yes
2024-08-11,Latte,77,5.3,Yes
2024-08-11,Americano,98,4.01,Yes
2024-08-11,Mocha,57,5.39,No
2024-08-12,Cappuccino,31,4.28,No
2024-08-12,Espresso,87,5.3,Yes
2024-08-12,Latte,76,4.04,No
2024-08-12,Americano,52,5.14,No
2024-08-12,Mocha,42,5.71,No
2024-08-13,Cappuccino,96,4.99,No
2024-08-13,Espresso,39,5.57,No
2024-08-13,Latte,51,5.76,No
2024-08-13,Americano,39,5.96,Yes
2024-08-13,Mocha,96,5.33,No
2024-08-14,Cappuccino,67,4.95,Yes
2024-08-14,Espresso,82,4.96,Yes
2024-08-14,Latte,91,5.73,No
2024-08-14,Americano,62,5.17,Yes
2024-08-14,Mocha,78,5.73,No
2024-08-15,Cappuccino,89,5.57,Yes
2024-08-15,Espresso,49,5.13,No
2024-08-15,Latte,85,3.59,No
2024-08-15,Americano,100,5.78,No
2024-08-15,Mocha,79,4.36,Yes
2024-08-16,Cappuccino,35,5.52,Yes
2024-08-16,Espresso,25,5.88,No
2024-08-16,Latte,97,5.9,Yes
2024-08-16,Americano,83,4.52,Yes
2024-08-16,Mocha,55,3.68,No
2024-08-17,Cappuccino,53,5.21,Yes
2024-08-17,Espresso,37,3.7,Yes
2024-08-17,Latte,36,4.72,No
2024-08-17,Americano,41,5.69,Yes
2024-08-17,Mocha,71,4.48,No
2024-08-18,Cappuccino,75,4.75,Yes
2024-08-18,Espresso,56,4.15,No
2024-08-18,Latte,47,4.71,Yes
2024-08-18,Americano,59,4.77,Yes
2024-08-18,Mocha,36,5.99,No
2024-08-19,Cappuccino,89,4.69,Yes
2024-08-19,Espresso,96,3.91,Yes
2024-08-19,Latte,34,4.98,No
2024-08-19,Americano,62,5.07,Yes
2024-08-19,Mocha,54,3.93,No
2024-08-20,Cappuccino,82,3.76,No
2024-08-20,Espresso,71,4.95,Yes
2024-08-20,Latte,97,3.98,No
2024-08-20,Americano,52,4.02,Yes
2024-08-20,Mocha,66,3.59,Yes
2024-08-21,Cappuccino,99,3.7,Yes
2024-08-21,Espresso,86,4.67,Yes
2024-08-21,Latte,35,4.52,No
2024-08-21,Americano,61,3.64,No
2024-08-21,Mocha,57,3.55,No
2024-08-22,Cappuccino,54,4.81,No
2024-08-22,Espresso,90,5.34,No
2024-08-22,Latte,66,5.6,No
2024-08-22,Americano,65,3.56,No
2024-08-22,Mocha,72,3.9,No
2024-08-23,Cappuccino,37,4.79,No
2024-08-23,Espresso,36,3.84,No
2024-08-23,Latte,96,4.77,No
2024-08-23,Americano,41,5.26,Yes
2024-08-23,Mocha,81,3.97,No
2024-08-24,Cappuccino,90,4.39,Yes
2024-08-24,Espresso,76,5.0,Yes
2024-08-24,Latte,77,5.15,Yes
2024-08-24,Americano,79,4.95,No
2024-08-24,Mocha,52,4.52,Yes
2024-08-25,Cappuccino,35,3.81,No
2024-08-25,Espresso,97,4.23,No
2024-08-25,Latte,40,3.57,No
2024-08-25,Americano,74,5.02,Yes
2024-08-25,Mocha,87,5.37,No
2024-08-26,Cappuccino,37,3.61,No
2024-08-26,Espresso,85,5.55,No
2024-08-26,Latte,72,4.8,No
2024-08-26,Americano,87,4.94,Yes
2024-08-26,Mocha,68,4.92,No
2024-08-27,Cappuccino,27,3.99,No
2024-08-27,Espresso,95,4.78,Yes
2024-08-27,Latte,69,3.69,Yes
2024-08-27,Americano,21,5.31,Yes
2024-08-27,Mocha,75,5.07,No
2024-08-28,Cappuccino,98,5.34,Yes
2024-08-28,Espresso,97,3.6,Yes
2024-08-28,Latte,77,3.51,Yes
2024-08-28,Americano,49,3.88,No
2024-08-28,Mocha,42,5.25,No
2024-08-29,Cappuccino,91,3.87,Yes
2024-08-29,Espresso,90,4.37,No
2024-08-29,Latte,81,5.78,No
2024-08-29,Americano,59,4.94,Yes
2024-08-29,Mocha,59,4.07,Yes
2024-08-30,Cappuccino,27,5.67,Yes
2024-08-30,Espresso,82,5.35,Yes
2024-08-30,Latte,43,5.33,Yes
2024-08-30,Americano,62,5.74,Yes
2024-08-30,Mocha,79,3.67,No
2024-08-31,Cappuccino,40,5.39,No
2024-08-31,Espresso,70,4.17,No
2024-08-31,Latte,99,5.43,Yes
2024-08-31,Americano,53,5.35,No
2024-08-31,Mocha,20,3.6,No
2024-09-01,Cappuccino,71,4.8,Yes
2024-09-01,Espresso,32,4.07,Yes
2024-09-01,Latte,92,5.52,Yes
2024-09-01,Americano,27,4.8,Yes
2024-09-01,Mocha,55,5.14,Yes
2024-09-02,Cappuccino,57,5.9,No
2024-09-02,Espresso,52,3.51,Yes
2024-09-02,Latte,25,5.67,No
2024-09-02,Americano,70,4.46,No
2024-09-02,Mocha,51,5.31,Yes
2024-09-03,Cappuccino,95,3.62,Yes
2024-09-03,Espresso,54,3.83,Yes
2024-09-03,Latte,39,5.07,Yes
2024-09-03,Americano,99,4.14,No
2024-09-03,Mocha,46,5.62,No
2024-09-04,Cappuccino,97,3.7,No
2024-09-04,Espresso,56,4.49,Yes
2024-09-04,Latte,35,4.47,Yes
2024-09-04,Americano,45,4.54,Yes
2024-09-04,Mocha,29,4.82,No
2024-09-05,Cappuccino,76,5.11,No
2024-09-05,Espresso,94,5.13,No
2024-09-05,Latte,41,3.55,Yes
2024-09-05,Americano,76,4.91,Yes
2024-09-05,Mocha,53,4.98,Yes
2024-09-06,Cappuccino,79,5.72,Yes
2024-09-06,Espresso,34,5.24,No
2024-09-06,Latte,59,5.11,Yes
2024-09-06,Americano,52,4.95,Yes
2024-09-06,Mocha,77,4.45,Yes
2024-09-07,Cappuccino,73,5.99,No
2024-09-07,Espresso,100,5.99,No
2024-09-07,Latte,57,5.95,No
2024-09-07,Americano,89,5.66,No
2024-09-07,Mocha,78,4.83,No
2024-09-08,Cappuccino,98,4.89,No
2024-09-08,Espresso,44,4.94,No
2024-09-08,Latte,98,5.65,Yes
2024-09-08,Americano,93,3.73,Yes
2024-09-08,Mocha,47,4.05,Yes
2024-09-09,Cappuccino,52,5.08,No
2024-09-09,Espresso,65,3.97,No
2024-09-09,Latte,52,5.1,No
2024-09-09,Americano,29,4.79,No
2024-09-09,Mocha,77,4.41,No
2024-09-10,Cappuccino,29,5.86,No
2024-09-10,Espresso,79,5.44,No
2024-09-10,Latte,55,3.77,No
2024-09-10,Americano,84,3.59,No
2024-09-10,Mocha,87,5.52,No
2024-09-11,Cappuccino,41,5.34,Yes
2024-09-11,Espresso,55,5.63,Yes
2024-09-11,Latte,30,4.71,No
2024-09-11,Americano,46,5.07,Yes
2024-09-11,Mocha,62,4.66,Yes
2024-09-12,Cappuccino,33,5.51,No
2024-09-12,Espresso,37,4.0,Yes
2024-09-12,Latte,56,3.95,Yes
2024-09-12,Americano,91,3.67,Yes
2024-09-12,Mocha,37,5.36,No
2024-09-13,Cappuccino,45,4.19,Yes
2024-09-13,Espresso,41,4.38,Yes
2024-09-13,Latte,24,3.97,No
2024-09-13,Americano,92,3.88,Yes
2024-09-13,Mocha,69,4.71,No
2024-09-14,Cappuccino,31,4.95,Yes
2024-09-14,Espresso,80,5.13,Yes
2024-09-14,Latte,74,5.75,Yes
2024-09-14,Americano,55,5.8,No
2024-09-14,Mocha,67,4.13,No
2024-09-15,Cappuccino,76,4.42,No
2024-09-15,Espresso,78,4.41,No
2024-09-15,Latte,30,4.1,Yes
2024-09-15,Americano,33,4.22,No
2024-09-15,Mocha,71,5.58,No
2024-09-16,Cappuccino,47,5.13,Yes
2024-09-16,Espresso,51,5.54,No
2024-09-16,Latte,30,5.96,Yes
2024-09-16,Americano,49,5.82,No
2024-09-16,Mocha,49,3.94,Yes
2024-09-17,Cappuccino,79,5.28,Yes
2024-09-17,Espresso,58,4.9,No
2024-09-17,Latte,86,3.78,Yes
2024-09-17,Americano,99,3.56,Yes
2024-09-17,Mocha,51,5.96,No
2024-09-18,Cappuccino,59,4.77,No
2024-09-18,Espresso,22,5.37,Yes
2024-09-18,Latte,80,4.5,Yes
2024-09-18,Americano,55,3.74,Yes
2024-09-18,Mocha,35,3.97,Yes
2024-09-19,Cappuccino,49,3.65,Yes
2024-09-19,Espresso,25,5.57,No
2024-09-19,Latte,53,4.13,No
2024-09-19,Americano,49,5.18,No
2024-09-19,Mocha,22,4.87,No
2024-09-20,Cappuccino,70,5.85,Yes
2024-09-20,Espresso,82,4.89,Yes
2024-09-20,Latte,60,3.82,No
2024-09-20,Americano,68,4.69,Yes
2024-09-20,Mocha,35,3.68,Yes
2024-09-21,Cappuccino,47,4.9,Yes
2024-09-21,Espresso,60,4.79,Yes
2024-09-21,Latte,28,3.86,No
2024-09-21,Americano,35,4.41,No
2024-09-21,Mocha,61,5.18,Yes
2024-09-22,Cappuccino,20,5.92,No
2024-09-22,Espresso,79,4.14,Yes
2024-09-22,Latte,97,3.71,No
2024-09-22,Americano,49,5.3,Yes
2024-09-22,Mocha,59,4.79,No
2024-09-23,Cappuccino,78,5.29,Yes
2024-09-23,Espresso,66,4.94,Yes
2024-09-23,Latte,62,3.84,No
2024-09-23,Americano,84,4.95,No
2024-09-23,Mocha,75,4.07,No
2024-09-24,Cappuccino,53,5.39,No
2024-09-24,Espresso,64,4.19,Yes
2024-09-24,Latte,41,5.2,Yes
2024-09-24,Americano,70,4.29,Yes
2024-09-24,Mocha,53,4.54,Yes
2024-09-25,Cappuccino,49,5.38,No
2024-09-25,Espresso,78,5.27,No
2024-09-25,Latte,57,5.7,No
2024-09-25,Americano,55,4.41,No
2024-09-25,Mocha,88,5.55,Yes
2024-09-26,Cappuccino,50,4.21,Yes
2024-09-26,Espresso,79,4.56,No
2024-09-26,Latte,41,5.73,Yes
2024-09-26,Americano,50,4.04,No
2024-09-26,Mocha,25,5.22,Yes
2024-09-27,Cappuccino,20,5.72,No
2024-09-27,Espresso,60,3.59,No
2024-09-27,Latte,29,5.31,No
2024-09-27,Americano,40,4.34,Yes
2024-09-27,Mocha,76,4.51,No
2024-09-28,Cappuccino,56,5.38,Yes
2024-09-28,Espresso,56,5.48,No
2024-09-28,Latte,67,5.17,No
2024-09-28,Americano,73,5.31,No
2024-09-28,Mocha,53,4.65,Yes
2024-09-29,Cappuccino,47,5.93,No
2024-09-29,Espresso,79,4.08,No
2024-09-29,Latte,83,5.63,Yes
2024-09-29,Americano,82,4.88,Yes
2024-09-29,Mocha,64,4.5,No
2024-09-30,Cappuccino,97,5.68,Yes
2024-09-30,Espresso,75,3.88,No
2024-09-30,Latte,78,3.81,No
2024-09-30,Americano,95,3.86,No
2024-09-30,Mocha,72,5.38,Yes
2024-10-01,Cappuccino,54,5.32,No
2024-10-01,Espresso,57,3.98,Yes
2024-10-01,Latte,25,5.28,Yes
2024-10-01,Americano,98,5.14,No
2024-10-01,Mocha,85,5.9,No
2024-10-02,Cappuccino,93,4.85,Yes
2024-10-02,Espresso,46,5.95,Yes
2024-10-02,Latte,55,3.68,No
2024-10-02,Americano,20,4.89,Yes
2024-10-02,Mocha,59,4.6,Yes
2024-10-03,Cappuccino,75,3.86,No
2024-10-03,Espresso,95,3.61,No
2024-10-03,Latte,49,4.81,No
2024-10-03,Americano,90,5.2,No
2024-10-03,Mocha,58,4.25,Yes
2024-10-04,Cappuccino,61,4.59,No
2024-10-04,Espresso,89,5.87,Yes
2024-10-04,Latte,61,5.98,Yes
2024-10-04,Americano,83,3.79,No
2024-10-04,Mocha,75,3.86,No
2024-10-05,Cappuccino,100,3.6,No
2024-10-05,Espresso,39,4.49,Yes
2024-10-05,Latte,24,3.89,No
2024-10-05,Americano,27,5.38,No
2024-10-05,Mocha,35,3.63,Yes
2024-10-06,Cappuccino,88,4.22,Yes
2024-10-06,Espresso,25,4.84,No
2024-10-06,Latte,89,5.53,Yes
2024-10-06,Americano,24,4.09,No
2024-10-06,Mocha,89,3.63,Yes
2024-10-07,Cappuccino,44,5.58,Yes
2024-10-07,Espresso,38,5.26,No
2024-10-07,Latte,71,5.24,No
2024-10-07,Americano,66,4.25,Yes
2024-10-07,Mocha,38,5.43,Yes
2024-10-08,Cappuccino,46,5.63,No
2024-10-08,Espresso,88,5.13,Yes
2024-10-08,Latte,99,3.93,Yes
2024-10-08,Americano,50,4.61,No
2024-10-08,Mocha,27,4.13,Yes
2024-10-09,Cappuccino,43,4.25,No
2024-10-09,Espresso,63,3.91,No
2024-10-09,Latte,95,5.25,No
2024-10-09,Americano,38,4.79,No
2024-10-09,Mocha,81,4.51,No
2024-10-10,Cappuccino,65,3.86,Yes
2024-10-10,Espresso,93,3.83,No
2024-10-10,Latte,25,5.55,Yes
2024-10-10,Americano,86,5.94,Yes
2024-10-10,Mocha,100,4.41,No
2024-10-11,Cappuccino,37,4.51,Yes
2024-10-11,Espresso,88,3.78,No
2024-10-11,Latte,22,5.03,Yes
2024-10-11,Americano,29,5.09,No
2024-10-11,Mocha,74,5.93,No
2024-10-12,Cappuccino,57,3.87,Yes
2024-10-12,Espresso,38,5.69,Yes
2024-10-12,Latte,69,4.68,No
2024-10-12,Americano,33,3.88,No
2024-10-12,Mocha,35,3.79,No
2024-10-13,Cappuccino,23,5.5,No
2024-10-13,Espresso,99,5.01,No
2024-10-13,Latte,82,3.94,Yes
2024-10-13,Americano,26,4.08,No
2024-10-13,Mocha,25,4.25,Yes
2024-10-14,Cappuccino,23,5.18,Yes
2024-10-14,Espresso,43,4.08,No
2024-10-14,Latte,92,3.55,Yes
2024-10-14,Americano,91,4.44,Yes
2024-10-14,Mocha,44,4.44,Yes
2024-10-15,Cappuccino,51,4.35,No
2024-10-15,Espresso,59,4.63,Yes
2024-10-15,Latte,39,5.87,Yes
2024-10-15,Americano,45,4.72,Yes
2024-10-15,Mocha,37,5.85,No
2024-10-16,Cappuccino,47,4.02,Yes
2024-10-16,Espresso,39,5.31,Yes
2024-10-16,Latte,47,5.34,No
2024-10-16,Americano,50,5.22,Yes
2024-10-16,Mocha,65,5.91,No
2024-10-17,Cappuccino,86,4.43,Yes
2024-10-17,Espresso,74,3.8,No
2024-10-17,Latte,73,5.05,Yes
2024-10-17,Americano,77,4.01,No
2024-10-17,Mocha,88,5.89,No
2024-10-18,Cappuccino,29,3.82,No
2024-10-18,Espresso,33,4.44,No
2024-10-18,Latte,81,5.53,No
2024-10-18,Americano,22,5.03,Yes
2024-10-18,Mocha,47,5.85,Yes
2024-10-19,Cappuccino,54,3.67,Yes
2024-10-19,Espresso,78,4.2,Yes
2024-10-19,Latte,87,5.56,Yes
2024-10-19,Americano,55,5.25,Yes
2024-10-19,Mocha,52,5.49,No
2024-10-20,Cappuccino,97,5.72,No
2024-10-20,Espresso,43,5.5,No
2024-10-20,Latte,80,4.13,No
2024-10-20,Americano,53,4.78,Yes
2024-10-20,Mocha,82,5.46,Yes
2024-10-21,Cappuccino,44,4.91,No
2024-10-21,Espresso,62,3.98,No
2024-10-21,Latte,88,4.76,Yes
2024-10-21,Americano,25,5.59,Yes
2024-10-21,Mocha,93,3.86,No
2024-10-22,Cappuccino,72,4.0,Yes
2024-10-22,Espresso,51,5.94,Yes
2024-10-22,Latte,98,4.75,Yes
2024-10-22,Americano,79,5.01,No
2024-10-22,Mocha,22,5.81,No
2024-10-23,Cappuccino,92,5.86,No
2024-10-23,Espresso,76,3.96,Yes
2024-10-23,Latte,57,4.76,Yes
2024-10-23,Americano,93,4.07,Yes
2024-10-23,Mocha,57,4.89,No
2024-10-24,Cappuccino,52,4.16,Yes
2024-10-24,Espresso,21,5.19,Yes
2024-10-24,Latte,30,5.48,No
2024-10-24,Americano,79,4.48,Yes
2024-10-24,Mocha,43,4.19,Yes
2024-10-25,Cappuccino,73,4.58,Yes
2024-10-25,Espresso,77,4.32,Yes
2024-10-25,Latte,94,4.63,No
2024-10-25,Americano,89,3.71,No
2024-10-25,Mocha,91,5.22,No
2024-10-26,Cappuccino,37,4.26,Yes
2024-10-26,Espresso,67,3.68,No
2024-10-26,Latte,23,3.83,No
2024-10-26,Americano,34,5.49,Yes
2024-10-26,Mocha,43,5.24,No
2024-10-27,Cappuccino,76,5.81,Yes
2024-10-27,Espresso,33,4.29,No
2024-10-27,Latte,91,4.8,No
2024-10-27,Americano,62,4.02,No
2024-10-27,Mocha,83,5.26,Yes
2024-10-28,Cappuccino,52,4.35,Yes
2024-10-28,Espresso,92,4.7,No
2024-10-28,Latte,74,5.22,Yes
2024-10-28,Americano,87,5.36,Yes
2024-10-28,Mocha,25,5.05,No
2024-10-29,Cappuccino,69,5.75,No
2024-10-29,Espresso,95,4.71,Yes
2024-10-29,Latte,99,4.13,No
2024-10-29,Americano,55,5.44,Yes
2024-10-29,Mocha,61,5.83,Yes
2024-10-30,Cappuccino,35,3.8,Yes
2024-10-30,Espresso,46,3.55,No
2024-10-30,Latte,74,4.02,No
2024-10-30,Americano,33,5.5,Yes
2024-10-30,Mocha,72,3.52,No
2024-10-31,Cappuccino,32,5.98,No
2024-10-31,Espresso,25,5.62,No
2024-10-31,Latte,49,4.23,Yes
2024-10-31,Americano,70,3.67,No
2024-10-31,Mocha,33,5.73,Yes
2024-11-01,Cappuccino,67,5.36,No
2024-11-01,Espresso,43,5.59,Yes
2024-11-01,Latte,75,4.63,Yes
2024-11-01,Americano,27,4.53,No
2024-11-01,Mocha,23,5.7,Yes
2024-11-02,Cappuccino,29,5.27,No
2024-11-02,Espresso,71,5.42,No
2024-11-02,Latte,37,4.35,Yes
2024-11-02,Americano,20,3.95,Yes
2024-11-02,Mocha,47,3.81,Yes
2024-11-03,Cappuccino,67,5.85,Yes
2024-11-03,Espresso,47,4.06,Yes
2024-11-03,Latte,100,4.42,No
2024-11-03,Americano,61,4.57,No
2024-11-03,Mocha,88,5.3,No
2024-11-04,Cappuccino,95,4.03,Yes
2024-11-04,Espresso,99,3.58,Yes
2024-11-04,Latte,49,5.8,Yes
2024-11-04,Americano,59,5.64,Yes
2024-11-04,Mocha,71,4.7,No
2024-11-05,Cappuccino,21,5.19,Yes
2024-11-05,Espresso,81,5.1,No
2024-11-05,Latte,21,3.6,Yes
2024-11-05,Americano,93,4.96,Yes
2024-11-05,Mocha,62,4.52,No
2024-11-06,Cappuccino,68,3.72,Yes
2024-11-06,Espresso,34,5.15,Yes
2024-11-06,Latte,64,5.85,No
2024-11-06,Americano,89,4.18,No
2024-11-06,Mocha,91,4.23,Yes
2024-11-07,Cappuccino,27,4.56,Yes
2024-11-07,Espresso,80,3.52,Yes
2024-11-07,Latte,48,3.59,No
2024-11-07,Americano,21,5.43,Yes
2024-11-07,Mocha,93,4.06,No
2024-11-08,Cappuccino,81,5.49,Yes
2024-11-08,Espresso,29,4.19,Yes
2024-11-08,Latte,68,4.18,Yes
2024-11-08,Americano,70,5.45,No
2024-11-08,Mocha,52,5.7,Yes
2024-11-09,Cappuccino,26,4.72,No
2024-11-09,Espresso,38,4.42,No
2024-11-09,Latte,33,4.49,Yes
2024-11-09,Americano,99,5.71,Yes
2024-11-09,Mocha,78,4.34,No
2024-11-10,Cappuccino,35,4.08,No
2024-11-10,Espresso,26,4.79,No
2024-11-10,Latte,47,3.51,Yes
2024-11-10,Americano,34,4.05,No
2024-11-10,Mocha,54,3.98,Yes
2024-11-11,Cappuccino,41,4.94,No
2024-11-11,Espresso,64,3.82,Yes
2024-11-11,Latte,64,5.24,No
2024-11-11,Americano,50,4.93,Yes
2024-11-11,Mocha,93,5.46,No
2024-11-12,Cappuccino,33,4.6,Yes
2024-11-12,Espresso,93,4.19,Yes
2024-11-12,Latte,67,3.8,No
2024-11-12,Americano,96,5.14,Yes
2024-11-12,Mocha,27,4.34,No
2024-11-13,Cappuccino,49,4.85,Yes
2024-11-13,Espresso,20,5.64,No
2024-11-13,Latte,69,5.63,Yes
2024-11-13,Americano,24,5.72,No
2024-11-13,Mocha,71,5.72,Yes
2024-11-14,Cappuccino,41,5.41,Yes
2024-11-14,Espresso,82,3.62,No
2024-11-14,Latte,87,3.76,No
2024-11-14,Americano,95,5.26,No
2024-11-14,Mocha,46,5.06,Yes
2024-11-15,Cappuccino,21,4.63,No
2024-11-15,Espresso,93,5.97,Yes
2024-11-15,Latte,49,4.7,Yes
2024-11-15,Americano,53,5.55,No
2024-11-15,Mocha,98,4.47,No
2024-11-16,Cappuccino,39,3.94,Yes
2024-11-16,Espresso,58,3.5,No
2024-11-16,Latte,82,5.18,Yes
2024-11-16,Americano,27,4.16,No
2024-11-16,Mocha,38,4.43,Yes
2024-11-17,Cappuccino,91,4.69,Yes
2024-11-17,Espresso,38,5.3,No
2024-11-17,Latte,67,5.49,Yes
2024-11-17,Americano,31,5.76,No
2024-11-17,Mocha,38,3.65,Yes
2024-11-18,Cappuccino,77,4.59,Yes
2024-11-18,Espresso,27,5.85,No
2024-11-18,Latte,30,4.47,No
2024-11-18,Americano,25,6.0,No
2024-11-18,Mocha,76,4.28,Yes
2024-11-19,Cappuccino,49,5.57,No
2024-11-19,Espresso,60,3.92,Yes
2024-11-19,Latte,46,3.5,Yes
2024-11-19,Americano,30,4.59,Yes
2024-11-19,Mocha,94,4.59,No
2024-11-20,Cappuccino,62,5.23,Yes
2024-11-20,Espresso,53,4.1,No
2024-11-20,Latte,50,3.59,Yes
2024-11-20,Americano,67,4.86,No
2024-11-20,Mocha,51,5.28,Yes
2024-11-21,Cappuccino,41,4.76,No
2024-11-21,Espresso,22,3.98,Yes
2024-11-21,Latte,50,5.73,No
2024-11-21,Americano,65,3.81,No
2024-11-21,Mocha,86,4.45,Yes
2024-11-22,Cappuccino,39,3.77,Yes
2024-11-22,Espresso,55,4.77,No
2024-11-22,Latte,47,4.57,No
2024-11-22,Americano,41,3.71,Yes
2024-11-22,Mocha,59,4.02,Yes
2024-11-23,Cappuccino,83,4.63,No
2024-11-23,Espresso,81,5.34,Yes
2024-11-23,Latte,50,5.24,No
2024-11-23,Americano,60,4.61,No
2024-11-23,Mocha,57,3.76,Yes
2024-11-24,Cappuccino,45,3.62,Yes
2024-11-24,Espresso,44,4.48,No
2024-11-24,Latte,79,5.2,No
2024-11-24,Americano,24,4.84,No
2024-11-24,Mocha,37,4.02,No
2024-11-25,Cappuccino,98,4.98,No
2024-11-25,Espresso,67,3.89,Yes
2024-11-25,Latte,47,4.9,Yes
2024-11-25,Americano,59,4.0,No
2024-11-25,Mocha,59,4.29,Yes
2024-11-26,Cappuccino,86,4.67,No
2024-11-26,Espresso,34,4.26,No
2024-11-26,Latte,44,4.1,No
2024-11-26,Americano,36,3.57,No
2024-11-26,Mocha,70,4.98,Yes
2024-11-27,Cappuccino,54,5.28,Yes
2024-11-27,Espresso,87,5.0,Yes
2024-11-27,Latte,57,5.99,No
2024-11-27,Americano,78,5.08,Yes
2024-11-27,Mocha,82,4.15,No
2024-11-28,Cappuccino,54,5.33,No
2024-11-28,Espresso,56,3.67,Yes
2024-11-28,Latte,99,5.32,Yes
2024-11-28,Americano,54,3.9,No
2024-11-28,Mocha,49,5.89,Yes
2024-11-29,Cappuccino,74,5.45,No
2024-11-29,Espresso,58,5.86,No
2024-11-29,Latte,100,5.15,No
2024-11-29,Americano,65,5.89,Yes
2024-11-29,Mocha,66,4.52,Yes
2024-11-30,Cappuccino,54,5.73,Yes
2024-11-30,Espresso,64,4.12,No
2024-11-30,Latte,93,4.47,Yes
2024-11-30,Americano,23,5.22,Yes
2024-11-30,Mocha,60,3.64,No
2024-12-01,Cappuccino,87,4.64,No
2024-12-01,Espresso,24,4.77,Yes
2024-12-01,Latte,41,4.73,Yes
2024-12-01,Americano,52,5.9,No
2024-12-01,Mocha,64,5.84,No
2024-12-02,Cappuccino,74,5.14,No
2024-12-02,Espresso,94,5.99,Yes
2024-12-02,Latte,83,4.62,No
2024-12-02,Americano,51,5.37,Yes
2024-12-02,Mocha,32,5.45,No
2024-12-03,Cappuccino,82,5.09,No
2024-12-03,Espresso,29,4.34,Yes
2024-12-03,Latte,85,5.06,Yes
2024-12-03,Americano,71,5.7,Yes
2024-12-03,Mocha,47,4.82,Yes
2024-12-04,Cappuccino,47,5.97,No
2024-12-04,Espresso,61,4.25,Yes
2024-12-04,Latte,43,3.56,No
2024-12-04,Americano,78,4.11,No
2024-12-04,Mocha,26,3.87,Yes
2024-12-05,Cappuccino,21,4.19,No
2024-12-05,Espresso,46,4.75,Yes
2024-12-05,Latte,93,4.31,No
2024-12-05,Americano,46,5.58,No
2024-12-05,Mocha,56,4.87,No
2024-12-06,Cappuccino,58,5.98,No
2024-12-06,Espresso,31,4.99,Yes
2024-12-06,Latte,67,5.18,Yes
2024-12-06,Americano,27,5.37,No
2024-12-06,Mocha,68,4.51,No
2024-12-07,Cappuccino,57,4.86,Yes
2024-12-07,Espresso,69,4.58,No
2024-12-07,Latte,54,4.91,No
2024-12-07,Americano,68,4.1,No
2024-12-07,Mocha,72,4.33,No
2024-12-08,Cappuccino,85,4.68,No
2024-12-08,Espresso,64,5.09,No
2024-12-08,Latte,49,3.72,No
2024-12-08,Americano,75,4.39,No
2024-12-08,Mocha,32,3.6,Yes
2024-12-09,Cappuccino,89,3.65,No
2024-12-09,Espresso,36,4.36,Yes
2024-12-09,Latte,25,4.76,Yes
2024-12-09,Americano,88,5.99,Yes
2024-12-09,Mocha,34,5.38,No
2024-12-10,Cappuccino,90,3.52,Yes
2024-12-10,Espresso,100,5.63,No
2024-12-10,Latte,97,5.38,Yes
2024-12-10,Americano,61,3.91,Yes
2024-12-10,Mocha,63,3.72,Yes
2024-12-11,Cappuccino,94,5.71,Yes
2024-12-11,Espresso,84,5.39,No
2024-12-11,Latte,27,4.96,No
2024-12-11,Americano,42,4.57,No
2024-12-11,Mocha,23,4.13,Yes
2024-12-12,Cappuccino,68,4.98,No
2024-12-12,Espresso,68,4.23,Yes
2024-12-12,Latte,97,5.04,Yes
2024-12-12,Americano,50,4.12,No
2024-12-12,Mocha,55,5.52,No
2024-12-13,Cappuccino,32,4.65,No
2024-12-13,Espresso,35,5.62,Yes
2024-12-13,Latte,78,4.99,No
2024-12-13,Americano,88,5.99,Yes
2024-12-13,Mocha,57,5.12,Yes
2024-12-14,Cappuccino,96,5.0,No
2024-12-14,Espresso,71,5.83,Yes
2024-12-14,Latte,30,3.71,No
2024-12-14,Americano,32,5.55,Yes
2024-12-14,Mocha,23,5.55,Yes
2024-12-15,Cappuccino,47,4.58,No
2024-12-15,Espresso,50,4.28,No
2024-12-15,Latte,44,4.81,No
2024-12-15,Americano,90,3.81,Yes
2024-12-15,Mocha,98,5.93,Yes
2024-12-16,Cappuccino,20,4.29,No
2024-12-16,Espresso,57,5.06,No
2024-12-16,Latte,33,3.76,No
2024-12-16,Americano,37,4.6,No
2024-12-16,Mocha,28,4.96,No
2024-12-17,Cappuccino,38,4.58,Yes
2024-12-17,Espresso,93,3.96,Yes
2024-12-17,Latte,76,4.33,No
2024-12-17,Americano,24,5.15,Yes
2024-12-17,Mocha,74,3.51,Yes
2024-12-18,Cappuccino,90,4.56,Yes
2024-12-18,Espresso,34,5.91,Yes
2024-12-18,Latte,95,5.13,No
2024-12-18,Americano,37,4.54,Yes
2024-12-18,Mocha,32,4.42,Yes
2024-12-19,Cappuccino,20,5.02,Yes
2024-12-19,Espresso,22,3.85,Yes
2024-12-19,Latte,36,4.36,No
2024-12-19,Americano,22,4.57,No
2024-12-19,Mocha,57,5.18,No
2024-12-20,Cappuccino,98,3.7,No
2024-12-20,Espresso,53,4.87,Yes
2024-12-20,Latte,91,4.64,No
2024-12-20,Americano,91,5.88,No
2024-12-20,Mocha,48,5.6,No
2024-12-21,Cappuccino,79,5.65,Yes
2024-12-21,Espresso,31,4.69,No
2024-12-21,Latte,86,3.59,No
2024-12-21,Americano,78,4.11,Yes
2024-12-21,Mocha,60,3.56,No
2024-12-22,Cappuccino,90,4.52,Yes
2024-12-22,Espresso,87,3.59,Yes
2024-12-22,Latte,43,4.42,No
2024-12-22,Americano,76,3.66,No
2024-12-22,Mocha,24,5.95,No
2024-12-23,Cappuccino,60,5.52,Yes
2024-12-23,Espresso,72,5.59,No
2024-12-23,Latte,69,4.55,No
2024-12-23,Americano,63,3.93,No
2024-12-23,Mocha,51,5.08,No
2024-12-24,Cappuccino,96,4.92,Yes
2024-12-24,Espresso,76,5.38,Yes
2024-12-24,Latte,90,4.38,No
2024-12-24,Americano,97,3.74,No
2024-12-24,Mocha,52,5.03,No
2024-12-25,Cappuccino,98,5.2,Yes
2024-12-25,Espresso,95,5.49,No
2024-12-25,Latte,65,5.43,Yes
2024-12-25,Americano,67,5.79,Yes
2024-12-25,Mocha,83,5.41,No
2024-12-26,Cappuccino,52,4.05,No
2024-12-26,Espresso,98,4.83,Yes
2024-12-26,Latte,79,4.58,No
2024-12-26,Americano,60,4.42,No
2024-12-26,Mocha,77,4.04,Yes
2024-12-27,Cappuccino,20,3.81,Yes
2024-12-27,Espresso,34,5.3,Yes
2024-12-27,Latte,28,4.19,No
2024-12-27,Americano,75,4.82,Yes
2024-12-27,Mocha,91,3.98,Yes
2024-12-28,Cappuccino,81,5.26,Yes
2024-12-28,Espresso,59,4.63,Yes
2024-12-28,Latte,30,4.09,Yes
2024-12-28,Americano,92,3.68,Yes
2024-12-28,Mocha,45,3.5,Yes
2024-12-29,Cappuccino,84,4.21,No
2024-12-29,Espresso,43,4.71,No
2024-12-29,Latte,46,4.71,Yes
2024-12-29,Americano,98,4.39,No
2024-12-29,Mocha,94,5.42,No
2024-12-30,Cappuccino,85,5.65,No
2024-12-30,Espresso,99,5.75,No
2024-12-30,Latte,26,5.31,Yes
2024-12-30,Americano,66,4.24,Yes
2024-12-30,Mocha,71,4.12,No
2024-12-31,Cappuccino,74,5.54,No
2024-12-31,Espresso,42,5.45,No
2024-12-31,Latte,40,4.02,No
2024-12-31,Americano,77,4.84,No
2024-12-31,Mocha,87,4.57,No
